Id,Sequence,min_mic,HC50,nontoxicity
Alacemycin,ILRWIWKIWRRW,8,512,1
Suselkan,GLRWIWKIWRRL,4,95,0
Omiganan-TII10,ILRWPWRIWRR,64,512,1
Centaxin,LLRWIWRPWRR,32,512,1
Omiganan-TII12,ILRKPWRIWRR,64,512,1
Gedanan,FLRRFWRIWRR,8,512,1
Varsavian,IGKLFKRIHERIKRFLRVFLRRLR,32,512,1
OP-145-TI3,IGKLFKRIHLRIKRFLRELVRQLR,64,512,1
Papan,IGKLFKRIVERIRRFVRSFLRTLR,32,310,1
OP-145-TII4,IGKLFKRIVERIKRFLRVLLRILR,128,166,1
OP-145-TII5,IGKLFKRIHERIKRFLRSFLRILR,64,512,1
OP-145-TIII4,IGKEFKRIHERIKRFLRELLRHLR,64,512,1
Syphaxin-TI4,GVLELLKGAAKDLAGHVATKVLKKI,64,512,1
Killixin,GVLDNLKSAAKDLAGHLATKVIKKI,8,76,0
Syphaxin-TII6,GVLEILKGAAKDLAGHVATKVIKKI,64,512,1
Syphaxin-TII7,GVLEILKSAAKDLAGHVATKVIKKI,64,512,1
Syphaxin-TII8,GVIDHLKGGAKDLAGHVATKVIKKI,1024,512,1
Syphaxin-TIII5,GVIDFLKGAAKDLAGHVATKVIKKL,64,512,1
Olabogan,GRLIKFIKKAWRKFIEKFAK,32,65,0
Ratigan,GRILKFIKKAWRKIHLKFDK,4,512,1
Rudyxin,GRLLKFIKKAQRKFVEKFAK,4,512,1
Armaganan,GQLNKFIKKAWRKFFEKFAK,4,512,1
Sophieganan,GWLNKIIKKAWRKFHEIFSK,2,167,1
Piomiren,GRLNKFIKKAWRKFVLKFAK,4,512,1
