seq,A. baumannii ATCC 19606 (-),A. baumannii ATCC BAA-1605 (-) - CGTPACCIMRA,E. cloacae ATCC 13047 (-),E. coli ATCC 11775 (-),E. coli AIC221 (-),E. coli AIC222 - CRE (-),E. coli ATCC BAA-3170 (-) - CRE,K. pneumoniae ATCC 13883 (-),K. pneumoniae ATCC BAA-2342 (-) - EIRK,P. aeruginosa PAO1 (-),P. aeruginosa PA14 (-),P. aeruginosa ATCC BAA-3197 (-) - FBCRP,S. enterica ATCC 9150 (-),S. enterica Typhimurtium ATCC 700720,B. subtilis ATCC 23857 (+),S. aureus ATCC 12600 (+),S. aureus ATCC BAA-1556 - MRSA (+),E. faecalis ATCC 700802 - VRE (+),E. faecium ATCC 700221 - VRE (+)
FLYKWWIRIGRLKL,1,1,,32,4,8,16,,,,,,32,8,16,,,64,64
RYAKINLRTAWRKLKWLIKKVMKKW,4,4,64,8,4,4,4,8,32,8,4,4,2,2,,,32,,
RYAKINLRTAWRKLKWLIKKVMKWW,8,8,64,8,4,16,8,8,8,8,8,8,4,4,64,16,32,,
RKANLKSRYAWLKLRKLIKALIAWK,2,4,,8,4,4,4,4,8,8,4,4,2,2,,32,64,,
RKANLKSRYAWLKLRKLIKALVAWK,1,16,32,4,2,4,4,4,8,8,4,4,2,2,,32,,,
RKANLKSRYAWLKLRKLIKAVILWK,4,8,,16,8,8,4,16,8,8,4,8,4,2,,,,,
RKANLKTRYAWLKLRKLIKAVVNWK,1,2,,16,4,8,4,4,8,8,4,2,2,2,,64,,,
RKANLKIRYAWLKLRNLIKAAINWK,1,1,,4,4,4,2,2,2,8,8,16,2,4,,,16,,
KFRNRHRWKFKLIFRN,4,8,,16,16,32,8,,,8,8,16,8,4,,,,,16
NRRKYLRYWLKKLLRKILKAAINAW,8,8,,16,4,16,16,4,8,8,16,8,4,4,,,,,
KARIKLYYRWKLKLKWLLKAMIKAW,8,8,,16,4,16,8,8,4,8,16,64,8,32,32,,,,
KARIKLRYRWKLKLKWLLKMAAMAW,1,1,64,2,1,2,2,1,1,2,1,4,1,1,,,,,
KARIKLRYRWKLKLKWLLKAMMAAW,2,1,,2,2,2,4,4,8,4,2,4,4,4,,,,,
KARIKLRYRWKLKLKWLLKMAWAAW,32,64,,64,32,64,16,16,64,16,64,,,,,,,,
KARIKLRYRWRLKLKWLLKAMFAW,4,16,,16,8,16,16,16,,,16,16,16,64,,,,,
KKYWLIRKWIRLWFLT,16,32,,,16,32,8,64,64,,32,64,16,32,16,64,,,
KKARNLRKWAYLKYRLKLKILAINW,32,64,,,8,,64,64,,64,,64,,,,,,,
KKARNLRWKAYLKYRLKLKILAWNK,8,8,,64,64,,,,,,,32,64,,,,,,
KKRRKLTLKLKLKKLLRLL,2,1,64,2,2,4,4,64,8,4,1,4,4,8,,,,,
KKARNLRKWAYLKYRLKLKILAANW,32,32,,,4,,16,64,,,16,32,64,,,,,,
KLRISLKARWRLWKMYVLKWKAAIW,,,,32,2,16,64,16,16,64,,,64,,,,,,
KKRRILRKWTRLWKKLLELMAAWFH,8,,,32,4,4,8,,8,32,8,8,8,16,,,,,
KYCRRFRWLTFRWL,64,32,,16,8,8,16,16,32,64,64,64,16,16,64,,,,
KRARNYYRWKLWKKLKILLKAAMAW,2,2,,8,4,4,8,2,4,8,8,8,8,8,,32,,,
KRIRKLRILRTWKWWKLEMAAAFH,16,4,,64,8,16,32,32,,64,16,32,4,32,64,,,,32
KRLRKLRILRTWKWWKLEMAAAFH,16,16,,32,16,16,16,16,,64,32,16,2,8,,,,,64
KRIRKLRILRTWKWWKLEMAMAFH,16,8,,64,16,4,8,16,,64,16,64,4,8,64,,,,
KRLRKLRILRTWKWWKLEMAAAFHY,32,16,,,8,16,16,64,,,16,16,4,16,,,,,
KRLRKLRILRTWKWWKLEMAAAFHF,4,4,,16,8,4,16,16,,,,16,4,,,,,,64
